payload_mass_kg,flight_number,year,num_payloads,customers_count,launch_site,orbit,rocket_name,landing_type,landing_success
500,11,2013,1,1,VAFB SLC 4E,PO,Falcon 9,Ocean,0
2296,14,2014,1,1,CCSFS SLC 40,ISS,Falcon 9,Ocean,1
1316,15,2014,1,1,CCSFS SLC 40,LEO,Falcon 9,Ocean,1
2216,18,2014,1,1,CCSFS SLC 40,ISS,Falcon 9,Ocean,0
2395,19,2015,1,1,CCSFS SLC 40,ISS,Falcon 9,ASDS,0
570,20,2015,1,3,CCSFS SLC 40,ES-L1,Falcon 9,Ocean,1
1898,22,2015,1,1,CCSFS SLC 40,ISS,Falcon 9,ASDS,0
2034,25,2015,1,1,CCSFS SLC 40,LEO,Falcon 9,RTLS,1
553,26,2016,1,2,VAFB SLC 4E,PO,Falcon 9,ASDS,0
5271,27,2016,1,1,CCSFS SLC 40,GTO,Falcon 9,ASDS,0
3136,28,2016,1,1,CCSFS SLC 40,ISS,Falcon 9,ASDS,1
4696,29,2016,1,1,CCSFS SLC 40,GTO,Falcon 9,ASDS,1
3100,30,2016,1,1,CCSFS SLC 40,GTO,Falcon 9,ASDS,1
3600,31,2016,2,2,CCSFS SLC 40,GTO,Falcon 9,ASDS,0
2257,32,2016,1,1,CCSFS SLC 40,ISS,Falcon 9,RTLS,1
4600,33,2016,1,1,CCSFS SLC 40,GTO,Falcon 9,ASDS,1
9600,35,2017,1,1,VAFB SLC 4E,PO,Falcon 9,ASDS,1
2490,36,2017,1,1,KSC LC 39A,ISS,Falcon 9,RTLS,1
5300,38,2017,1,1,KSC LC 39A,GTO,Falcon 9,ASDS,1
1675,39,2017,1,1,KSC LC 39A,LEO,Falcon 9,RTLS,1
2708,41,2017,1,1,KSC LC 39A,ISS,Falcon 9,RTLS,1
3669,42,2017,1,1,KSC LC 39A,GTO,Falcon 9,ASDS,1
9600,43,2017,1,1,VAFB SLC 4E,PO,Falcon 9,ASDS,1
2910,45,2017,1,1,KSC LC 39A,ISS,Falcon 9,RTLS,1
475,46,2017,1,1,VAFB SLC 4E,SSO,Falcon 9,ASDS,1
4990,47,2017,1,1,KSC LC 39A,LEO,Falcon 9,RTLS,1
9600,48,2017,1,1,VAFB SLC 4E,PO,Falcon 9,ASDS,1
5200,49,2017,1,2,KSC LC 39A,GTO,Falcon 9,ASDS,1
3700,50,2017,1,1,KSC LC 39A,GTO,Falcon 9,ASDS,1
2205,51,2017,1,1,CCSFS SLC 40,ISS,Falcon 9,RTLS,1
9600,52,2017,1,1,VAFB SLC 4E,PO,Falcon 9,Ocean,1
1675,53,2018,1,1,CCSFS SLC 40,LEO,Falcon 9,RTLS,1
4230,54,2018,1,1,CCSFS SLC 40,GTO,Falcon 9,Ocean,1
1350,55,2018,1,1,KSC LC 39A,HCO,Falcon Heavy,ASDS,0
350,60,2018,1,1,CCSFS SLC 40,HEO,Falcon 9,ASDS,1
3750,61,2018,1,1,KSC LC 39A,GTO,Falcon 9,ASDS,1
7076,65,2018,1,1,CCSFS SLC 40,GTO,Falcon 9,ASDS,1
9600,66,2018,1,1,VAFB SLC 4E,PO,Falcon 9,ASDS,1
5800,67,2018,1,1,CCSFS SLC 40,GTO,Falcon 9,ASDS,1
7060,68,2018,1,1,CCSFS SLC 40,GTO,Falcon 9,ASDS,1
2800,69,2018,1,1,VAFB SLC 4E,SSO,Falcon 9,RTLS,1
3000,70,2018,1,1,KSC LC 39A,GTO,Falcon 9,ASDS,1
4000,71,2018,1,1,VAFB SLC 4E,SSO,Falcon 9,ASDS,1
2573,72,2018,1,1,CCSFS SLC 40,ISS,Falcon 9,RTLS,0
9600,74,2019,1,1,VAFB SLC 4E,PO,Falcon 9,ASDS,1
5645,75,2019,3,3,CCSFS SLC 40,GTO,Falcon 9,ASDS,1
12259,76,2019,1,1,KSC LC 39A,ISS,Falcon 9,ASDS,1
6000,77,2019,1,1,KSC LC 39A,GTO,Falcon Heavy,ASDS,1
2482,78,2019,1,1,CCSFS SLC 40,ISS,Falcon 9,ASDS,1
13200,79,2019,1,1,CCSFS SLC 40,VLEO,Falcon 9,ASDS,1
1425,80,2019,1,1,VAFB SLC 4E,SSO,Falcon 9,RTLS,1
2838,81,2019,16,16,KSC LC 39A,MEO,Falcon Heavy,ASDS,0
2227.7,82,2019,1,1,CCSFS SLC 40,ISS,Falcon 9,RTLS,1
15600,84,2019,1,1,CCSFS SLC 40,VLEO,Falcon 9,ASDS,1
5000,85,2019,1,1,CCSFS SLC 40,ISS,Falcon 9,ASDS,1
6800,86,2019,1,2,CCSFS SLC 40,GTO,Falcon 9,ASDS,1
15600,87,2020,1,1,CCSFS SLC 40,VLEO,Falcon 9,ASDS,1
15600,89,2020,1,1,CCSFS SLC 40,VLEO,Falcon 9,ASDS,1
15600,90,2020,1,1,CCSFS SLC 40,VLEO,Falcon 9,ASDS,0
1977,91,2020,1,1,CCSFS SLC 40,ISS,Falcon 9,RTLS,1
15600,92,2020,1,1,KSC LC 39A,VLEO,Falcon 9,ASDS,0
15600,93,2020,1,1,KSC LC 39A,VLEO,Falcon 9,ASDS,1
9525,94,2020,1,1,KSC LC 39A,ISS,Falcon 9,ASDS,1
15600,95,2020,1,1,CCSFS SLC 40,VLEO,Falcon 9,ASDS,1
15600,96,2020,1,1,CCSFS SLC 40,VLEO,Falcon 9,ASDS,1
3880,97,2020,1,1,CCSFS SLC 40,MEO,Falcon 9,ASDS,1
3938,98,2020,1,1,CCSFS SLC 40,GEO,Falcon 9,ASDS,1
15712,99,2020,2,2,KSC LC 39A,VLEO,Falcon 9,ASDS,1
15600,100,2020,1,1,CCSFS SLC 40,VLEO,Falcon 9,ASDS,1
1600,101,2020,1,1,CCSFS SLC 40,SSO,Falcon 9,RTLS,1
15600,102,2020,1,1,KSC LC 39A,VLEO,Falcon 9,ASDS,1
15600,103,2020,1,1,KSC LC 39A,VLEO,Falcon 9,ASDS,1
15600,104,2020,1,1,KSC LC 39A,VLEO,Falcon 9,ASDS,1
15600,105,2020,1,1,CCSFS SLC 40,VLEO,Falcon 9,ASDS,1
3681,106,2020,1,1,CCSFS SLC 40,MEO,Falcon 9,ASDS,1
2531.5,107,2020,1,1,KSC LC 39A,ISS,Falcon 9,ASDS,1
1440,108,2020,1,1,VAFB SLC 4E,PO,Falcon 9,RTLS,1
15600,109,2020,1,1,CCSFS SLC 40,VLEO,Falcon 9,ASDS,1
2972,110,2020,1,1,KSC LC 39A,ISS,Falcon 9,ASDS,1
7000,111,2020,1,1,CCSFS SLC 40,GTO,Falcon 9,ASDS,1
5800,112,2020,1,1,KSC LC 39A,,Falcon 9,RTLS,1
3500,113,2021,1,1,CCSFS SLC 40,GTO,Falcon 9,ASDS,1
15600,114,2021,1,1,KSC LC 39A,VLEO,Falcon 9,ASDS,1
2200,115,2021,1,0,CCSFS SLC 40,SSO,Falcon 9,ASDS,1
15600,116,2021,1,1,CCSFS SLC 40,VLEO,Falcon 9,ASDS,1
15600,117,2021,1,1,CCSFS SLC 40,VLEO,Falcon 9,ASDS,0
15600,118,2021,1,1,KSC LC 39A,VLEO,Falcon 9,ASDS,1
15600,119,2021,1,1,CCSFS SLC 40,VLEO,Falcon 9,ASDS,1
15600,120,2021,1,1,KSC LC 39A,VLEO,Falcon 9,ASDS,1
15600,121,2021,1,1,CCSFS SLC 40,VLEO,Falcon 9,ASDS,1
15600,122,2021,1,1,CCSFS SLC 40,VLEO,Falcon 9,ASDS,1
2531.5,123,2021,1,1,KSC LC 39A,ISS,Falcon 9,ASDS,1
15600,124,2021,1,1,CCSFS SLC 40,VLEO,Falcon 9,ASDS,1
15600,125,2021,1,1,KSC LC 39A,VLEO,Falcon 9,ASDS,1
15600,126,2021,1,1,CCSFS SLC 40,VLEO,Falcon 9,ASDS,1
13632,127,2021,3,4,KSC LC 39A,VLEO,Falcon 9,ASDS,1
15600,128,2021,1,1,CCSFS SLC 40,VLEO,Falcon 9,ASDS,1
3328,129,2021,1,1,KSC LC 39A,ISS,Falcon 9,ASDS,1
7000,130,2021,1,1,CCSFS SLC 40,GTO,Falcon 9,ASDS,1
3681,131,2021,1,1,CCSFS SLC 40,MEO,Falcon 9,ASDS,1
2200,132,2021,1,0,CCSFS SLC 40,SSO,Falcon 9,RTLS,1
2531.5,133,2021,1,1,KSC LC 39A,ISS,Falcon 9,ASDS,1
15600,134,2021,1,1,VAFB SLC 4E,PO,Falcon 9,ASDS,1
1675,135,2021,1,1,KSC LC 39A,LEO,Falcon 9,ASDS,1
12519,136,2021,1,1,KSC LC 39A,ISS,Falcon 9,ASDS,1
13260,137,2021,1,1,CCSFS SLC 40,LEO,Falcon 9,ASDS,1
670,138,2021,1,1,VAFB SLC 4E,TLI,Falcon 9,ASDS,1
13260,139,2021,1,1,CCSFS SLC 40,PO,Falcon 9,ASDS,1
330,140,2021,1,2,KSC LC 39A,LEO,Falcon 9,ASDS,1
13260,141,2021,1,1,VAFB SLC 4E,PO,Falcon 9,ASDS,1
3500,142,2021,1,1,CCSFS SLC 40,GTO,Falcon 9,ASDS,1
2531.5,143,2021,1,1,KSC LC 39A,ISS,Falcon 9,ASDS,1
13260,144,2022,1,1,KSC LC 39A,VLEO,Falcon 9,ASDS,1
1675,145,2022,1,2,CCSFS SLC 40,LEO,Falcon 9,RTLS,1
13260,146,2022,1,1,KSC LC 39A,VLEO,Falcon 9,ASDS,1
2240,147,2022,1,1,CCSFS SLC 40,SSO,Falcon 9,RTLS,1
1675,148,2022,1,2,VAFB SLC 4E,LEO,Falcon 9,RTLS,1
13260,149,2022,1,1,KSC LC 39A,VLEO,Falcon 9,ASDS,1
13260,150,2022,1,1,CCSFS SLC 40,VLEO,Falcon 9,ASDS,1
13260,151,2022,1,1,VAFB SLC 4E,VLEO,Falcon 9,ASDS,1
13260,152,2022,1,1,KSC LC 39A,VLEO,Falcon 9,ASDS,1
13260,153,2022,1,1,CCSFS SLC 40,VLEO,Falcon 9,ASDS,1
13260,154,2022,1,1,CCSFS SLC 40,VLEO,Falcon 9,ASDS,1
2200,155,2022,1,0,CCSFS SLC 40,SSO,Falcon 9,ASDS,1
2531.5,156,2022,1,1,KSC LC 39A,ISS,Falcon 9,ASDS,1
1675,157,2022,1,2,VAFB SLC 4E,LEO,Falcon 9,RTLS,1
13260,158,2022,1,1,CCSFS SLC 40,VLEO,Falcon 9,ASDS,1
2531.5,159,2022,1,1,KSC LC 39A,ISS,Falcon 9,ASDS,1
13260,160,2022,1,1,CCSFS SLC 40,VLEO,Falcon 9,ASDS,1
13260,161,2022,1,1,KSC LC 39A,VLEO,Falcon 9,ASDS,1
13260,162,2022,1,1,VAFB SLC 4E,VLEO,Falcon 9,ASDS,1
13260,163,2022,1,1,CCSFS SLC 40,VLEO,Falcon 9,ASDS,1
13260,164,2022,1,1,KSC LC 39A,VLEO,Falcon 9,ASDS,1
2200,165,2022,1,0,CCSFS SLC 40,SSO,Falcon 9,RTLS,1
3938,166,2022,1,1,CCSFS SLC 40,GEO,Falcon 9,ASDS,1
13260,167,2022,1,1,KSC LC 39A,VLEO,Falcon 9,ASDS,1
2200,168,2022,1,3,VAFB SLC 4E,SSO,Falcon 9,RTLS,1
700,169,2022,1,1,CCSFS SLC 40,LEO,Falcon 9,ASDS,1
3500,170,2022,1,1,CCSFS SLC 40,MEO,Falcon 9,ASDS,1
13260,171,2022,1,1,CCSFS SLC 40,VLEO,Falcon 9,ASDS,1
13260,172,2022,1,1,VAFB SLC 4E,VLEO,Falcon 9,ASDS,1
2531.5,173,2022,1,1,KSC LC 39A,ISS,Falcon 9,ASDS,1
13260,174,2022,1,1,CCSFS SLC 40,VLEO,Falcon 9,ASDS,1
13260,175,2022,1,1,VAFB SLC 4E,VLEO,Falcon 9,ASDS,1
13260,176,2022,1,1,CCSFS SLC 40,VLEO,Falcon 9,ASDS,1
678,177,2022,1,1,CCSFS SLC 40,TLI,Falcon 9,ASDS,1
13260,178,2022,1,1,KSC LC 39A,VLEO,Falcon 9,ASDS,1
13260,179,2022,1,1,VAFB SLC 4E,VLEO,Falcon 9,ASDS,1
13260,180,2022,1,1,CCSFS SLC 40,VLEO,Falcon 9,ASDS,1
13260,181,2022,1,1,KSC LC 39A,VLEO,Falcon 9,ASDS,1
13260,182,2022,1,1,VAFB SLC 4E,VLEO,Falcon 9,ASDS,1
13440,183,2022,2,2,CCSFS SLC 40,VLEO,Falcon 9,ASDS,1
14760,184,2022,2,2,KSC LC 39A,VLEO,Falcon 9,ASDS,1
13260,185,2022,1,1,CCSFS SLC 40,VLEO,Falcon 9,ASDS,1
13260,186,2022,1,1,CCSFS SLC 40,VLEO,Falcon 9,ASDS,1
2531.5,187,2022,1,1,KSC LC 39A,ISS,Falcon 9,ASDS,1
