name,date_utc,year,month,flight_number,rocket_name,launch_site,pad_lat,pad_lon,pad_locality,payload_mass_kg,orbit,customers_count,num_payloads,landing_success,landing_type
FalconSat,2006-03-24T22:30:00.000Z,2006,3,1,Falcon 1,Kwajalein Atoll,9.0477206,167.7431292,Omelek Island,20.0,LEO,1,1,,
DemoSat,2007-03-21T01:10:00.000Z,2007,3,2,Falcon 1,Kwajalein Atoll,9.0477206,167.7431292,Omelek Island,,LEO,1,1,,
Trailblazer,2008-08-03T03:34:00.000Z,2008,8,3,Falcon 1,Kwajalein Atoll,9.0477206,167.7431292,Omelek Island,,LEO,2,2,,
RatSat,2008-09-28T23:15:00.000Z,2008,9,4,Falcon 1,Kwajalein Atoll,9.0477206,167.7431292,Omelek Island,165.0,LEO,1,1,,
RazakSat,2009-07-13T03:35:00.000Z,2009,7,5,Falcon 1,Kwajalein Atoll,9.0477206,167.7431292,Omelek Island,200.0,LEO,1,1,,
Falcon 9 Test Flight,2010-06-04T18:45:00.000Z,2010,6,6,Falcon 9,CCSFS SLC 40,28.5618571,-80.577366,Cape Canaveral,,LEO,1,1,,
COTS 1,2010-12-08T15:43:00.000Z,2010,12,7,Falcon 9,CCSFS SLC 40,28.5618571,-80.577366,Cape Canaveral,,LEO,2,2,,
COTS 2,2012-05-22T07:44:00.000Z,2012,5,8,Falcon 9,CCSFS SLC 40,28.5618571,-80.577366,Cape Canaveral,525.0,LEO,1,1,,
CRS-1,2012-10-08T00:35:00.000Z,2012,10,9,Falcon 9,CCSFS SLC 40,28.5618571,-80.577366,Cape Canaveral,800.0,ISS,2,2,,
CRS-2,2013-03-01T19:10:00.000Z,2013,3,10,Falcon 9,CCSFS SLC 40,28.5618571,-80.577366,Cape Canaveral,677.0,ISS,1,1,,
CASSIOPE,2013-09-29T16:00:00.000Z,2013,9,11,Falcon 9,VAFB SLC 4E,34.632093,-120.610829,Vandenberg Space Force Base,500.0,PO,1,1,False,Ocean
SES-8,2013-12-03T22:41:00.000Z,2013,12,12,Falcon 9,CCSFS SLC 40,28.5618571,-80.577366,Cape Canaveral,3170.0,GTO,1,1,,
Thaicom 6,2014-01-06T18:06:00.000Z,2014,1,13,Falcon 9,CCSFS SLC 40,28.5618571,-80.577366,Cape Canaveral,3325.0,GTO,1,1,,
CRS-3,2014-04-18T19:25:00.000Z,2014,4,14,Falcon 9,CCSFS SLC 40,28.5618571,-80.577366,Cape Canaveral,2296.0,ISS,1,1,True,Ocean
OG-2 Mission 1,2014-07-14T15:15:00.000Z,2014,7,15,Falcon 9,CCSFS SLC 40,28.5618571,-80.577366,Cape Canaveral,1316.0,LEO,1,1,True,Ocean
AsiaSat 8,2014-08-05T08:00:00.000Z,2014,8,16,Falcon 9,CCSFS SLC 40,28.5618571,-80.577366,Cape Canaveral,4535.0,GTO,1,1,,
AsiaSat 6,2014-09-07T05:00:00.000Z,2014,9,17,Falcon 9,CCSFS SLC 40,28.5618571,-80.577366,Cape Canaveral,4428.0,GTO,1,1,,
CRS-4,2014-09-21T05:52:00.000Z,2014,9,18,Falcon 9,CCSFS SLC 40,28.5618571,-80.577366,Cape Canaveral,2216.0,ISS,1,1,False,Ocean
CRS-5,2015-01-10T09:47:00.000Z,2015,1,19,Falcon 9,CCSFS SLC 40,28.5618571,-80.577366,Cape Canaveral,2395.0,ISS,1,1,False,ASDS
DSCOVR,2015-02-11T23:03:00.000Z,2015,2,20,Falcon 9,CCSFS SLC 40,28.5618571,-80.577366,Cape Canaveral,570.0,ES-L1,3,1,True,Ocean
ABS-3A / Eutelsat 115W B,2015-03-02T03:50:00.000Z,2015,3,21,Falcon 9,CCSFS SLC 40,28.5618571,-80.577366,Cape Canaveral,4159.0,GTO,2,2,,
CRS-6,2015-04-14T20:10:00.000Z,2015,4,22,Falcon 9,CCSFS SLC 40,28.5618571,-80.577366,Cape Canaveral,1898.0,ISS,1,1,False,ASDS
TürkmenÄlem 52°E / MonacoSAT,2015-04-27T23:03:00.000Z,2015,4,23,Falcon 9,CCSFS SLC 40,28.5618571,-80.577366,Cape Canaveral,4707.0,GTO,1,1,,
CRS-7,2015-06-28T14:21:00.000Z,2015,6,24,Falcon 9,CCSFS SLC 40,28.5618571,-80.577366,Cape Canaveral,2477.0,ISS,1,1,,ASDS
OG-2 Mission 2,2015-12-22T01:29:00.000Z,2015,12,25,Falcon 9,CCSFS SLC 40,28.5618571,-80.577366,Cape Canaveral,2034.0,LEO,1,1,True,RTLS
Jason 3,2016-01-17T15:42:00.000Z,2016,1,26,Falcon 9,VAFB SLC 4E,34.632093,-120.610829,Vandenberg Space Force Base,553.0,PO,2,1,False,ASDS
SES-9,2016-03-04T23:35:00.000Z,2016,3,27,Falcon 9,CCSFS SLC 40,28.5618571,-80.577366,Cape Canaveral,5271.0,GTO,1,1,False,ASDS
CRS-8,2016-04-08T20:43:00.000Z,2016,4,28,Falcon 9,CCSFS SLC 40,28.5618571,-80.577366,Cape Canaveral,3136.0,ISS,1,1,True,ASDS
JCSAT-2B,2016-05-06T05:21:00.000Z,2016,5,29,Falcon 9,CCSFS SLC 40,28.5618571,-80.577366,Cape Canaveral,4696.0,GTO,1,1,True,ASDS
Thaicom 8,2016-05-27T21:39:00.000Z,2016,5,30,Falcon 9,CCSFS SLC 40,28.5618571,-80.577366,Cape Canaveral,3100.0,GTO,1,1,True,ASDS
ABS-2A / Eutelsat 117W B,2016-06-15T14:29:00.000Z,2016,6,31,Falcon 9,CCSFS SLC 40,28.5618571,-80.577366,Cape Canaveral,3600.0,GTO,2,2,False,ASDS
CRS-9,2016-07-18T04:45:00.000Z,2016,7,32,Falcon 9,CCSFS SLC 40,28.5618571,-80.577366,Cape Canaveral,2257.0,ISS,1,1,True,RTLS
JCSAT-16,2016-08-14T05:26:00.000Z,2016,8,33,Falcon 9,CCSFS SLC 40,28.5618571,-80.577366,Cape Canaveral,4600.0,GTO,1,1,True,ASDS
Amos-6,2016-09-01T13:07:00.000Z,2016,9,34,Falcon 9,CCSFS SLC 40,28.5618571,-80.577366,Cape Canaveral,5500.0,GTO,1,1,,ASDS
Iridium NEXT Mission 1,2017-01-14T17:54:00.000Z,2017,1,35,Falcon 9,VAFB SLC 4E,34.632093,-120.610829,Vandenberg Space Force Base,9600.0,PO,1,1,True,ASDS
CRS-10,2017-02-19T14:39:00.000Z,2017,2,36,Falcon 9,KSC LC 39A,28.6080585,-80.6039558,Cape Canaveral,2490.0,ISS,1,1,True,RTLS
EchoStar 23,2017-03-16T06:00:00.000Z,2017,3,37,Falcon 9,KSC LC 39A,28.6080585,-80.6039558,Cape Canaveral,5600.0,GTO,1,1,,
SES-10,2017-03-30T22:27:00.000Z,2017,3,38,Falcon 9,KSC LC 39A,28.6080585,-80.6039558,Cape Canaveral,5300.0,GTO,1,1,True,ASDS
NROL-76,2017-05-01T11:15:00.000Z,2017,5,39,Falcon 9,KSC LC 39A,28.6080585,-80.6039558,Cape Canaveral,,LEO,1,1,True,RTLS
Inmarsat-5 F4,2017-05-15T23:21:00.000Z,2017,5,40,Falcon 9,KSC LC 39A,28.6080585,-80.6039558,Cape Canaveral,6070.0,GTO,1,1,,
CRS-11,2017-06-03T21:07:00.000Z,2017,6,41,Falcon 9,KSC LC 39A,28.6080585,-80.6039558,Cape Canaveral,2708.0,ISS,1,1,True,RTLS
BulgariaSat-1,2017-06-23T19:10:00.000Z,2017,6,42,Falcon 9,KSC LC 39A,28.6080585,-80.6039558,Cape Canaveral,3669.0,GTO,1,1,True,ASDS
Iridium NEXT Mission 2,2017-06-25T20:25:00.000Z,2017,6,43,Falcon 9,VAFB SLC 4E,34.632093,-120.610829,Vandenberg Space Force Base,9600.0,PO,1,1,True,ASDS
Intelsat 35e,2017-07-05T23:35:00.000Z,2017,7,44,Falcon 9,KSC LC 39A,28.6080585,-80.6039558,Cape Canaveral,6761.0,GTO,1,1,,
CRS-12,2017-08-14T16:31:00.000Z,2017,8,45,Falcon 9,KSC LC 39A,28.6080585,-80.6039558,Cape Canaveral,2910.0,ISS,1,1,True,RTLS
FormoSat-5,2017-08-24T18:50:00.000Z,2017,8,46,Falcon 9,VAFB SLC 4E,34.632093,-120.610829,Vandenberg Space Force Base,475.0,SSO,1,1,True,ASDS
Boeing X-37B OTV-5,2017-09-07T13:50:00.000Z,2017,9,47,Falcon 9,KSC LC 39A,28.6080585,-80.6039558,Cape Canaveral,4990.0,LEO,1,1,True,RTLS
Iridium NEXT Mission 3,2017-10-09T12:37:00.000Z,2017,10,48,Falcon 9,VAFB SLC 4E,34.632093,-120.610829,Vandenberg Space Force Base,9600.0,PO,1,1,True,ASDS
SES-11 / Echostar 105,2017-10-11T22:53:00.000Z,2017,10,49,Falcon 9,KSC LC 39A,28.6080585,-80.6039558,Cape Canaveral,5200.0,GTO,2,1,True,ASDS
KoreaSat 5A,2017-10-30T19:34:00.000Z,2017,10,50,Falcon 9,KSC LC 39A,28.6080585,-80.6039558,Cape Canaveral,3700.0,GTO,1,1,True,ASDS
CRS-13,2017-12-15T15:36:00.000Z,2017,12,51,Falcon 9,CCSFS SLC 40,28.5618571,-80.577366,Cape Canaveral,2205.0,ISS,1,1,True,RTLS
Iridium NEXT Mission 4,2017-12-23T01:27:23.000Z,2017,12,52,Falcon 9,VAFB SLC 4E,34.632093,-120.610829,Vandenberg Space Force Base,9600.0,PO,1,1,True,Ocean
ZUMA,2018-01-08T01:00:00.000Z,2018,1,53,Falcon 9,CCSFS SLC 40,28.5618571,-80.577366,Cape Canaveral,,LEO,1,1,True,RTLS
SES-16 / GovSat-1,2018-01-31T21:25:00.000Z,2018,1,54,Falcon 9,CCSFS SLC 40,28.5618571,-80.577366,Cape Canaveral,4230.0,GTO,1,1,True,Ocean
Falcon Heavy Test Flight,2018-02-06T20:45:00.000Z,2018,2,55,Falcon Heavy,KSC LC 39A,28.6080585,-80.6039558,Cape Canaveral,1350.0,HCO,1,1,False,ASDS
Paz / Starlink Demo,2018-02-22T14:17:00.000Z,2018,2,56,Falcon 9,VAFB SLC 4E,34.632093,-120.610829,Vandenberg Space Force Base,2150.0,SSO,2,2,,
Hispasat 30W-6,2018-03-06T05:33:00.000Z,2018,3,57,Falcon 9,CCSFS SLC 40,28.5618571,-80.577366,Cape Canaveral,6092.0,GTO,1,1,,
Iridium NEXT Mission 5,2018-03-30T14:13:51.000Z,2018,3,58,Falcon 9,VAFB SLC 4E,34.632093,-120.610829,Vandenberg Space Force Base,9600.0,PO,1,1,,
CRS-14,2018-04-02T20:30:41.000Z,2018,4,59,Falcon 9,CCSFS SLC 40,28.5618571,-80.577366,Cape Canaveral,2760.0,ISS,1,1,,
TESS,2018-04-18T22:51:00.000Z,2018,4,60,Falcon 9,CCSFS SLC 40,28.5618571,-80.577366,Cape Canaveral,350.0,HEO,1,1,True,ASDS
Bangabandhu-1,2018-05-11T20:14:00.000Z,2018,5,61,Falcon 9,KSC LC 39A,28.6080585,-80.6039558,Cape Canaveral,3750.0,GTO,1,1,True,ASDS
Iridium NEXT Mission 6,2018-05-22T19:47:58.000Z,2018,5,62,Falcon 9,VAFB SLC 4E,34.632093,-120.610829,Vandenberg Space Force Base,5460.0,PO,3,2,,
SES-12,2018-06-04T04:45:00.000Z,2018,6,63,Falcon 9,CCSFS SLC 40,28.5618571,-80.577366,Cape Canaveral,5383.85,GTO,1,1,,
CRS-15,2018-06-29T09:42:00.000Z,2018,6,64,Falcon 9,CCSFS SLC 40,28.5618571,-80.577366,Cape Canaveral,2410.0,ISS,1,1,,
Telstar 19V,2018-07-22T05:50:00.000Z,2018,7,65,Falcon 9,CCSFS SLC 40,28.5618571,-80.577366,Cape Canaveral,7076.0,GTO,1,1,True,ASDS
Iridium NEXT Mission 7,2018-07-25T11:39:26.000Z,2018,7,66,Falcon 9,VAFB SLC 4E,34.632093,-120.610829,Vandenberg Space Force Base,9600.0,PO,1,1,True,ASDS
Merah Putih,2018-08-07T05:18:00.000Z,2018,8,67,Falcon 9,CCSFS SLC 40,28.5618571,-80.577366,Cape Canaveral,5800.0,GTO,1,1,True,ASDS
Telstar 18V,2018-09-10T04:45:00.000Z,2018,9,68,Falcon 9,CCSFS SLC 40,28.5618571,-80.577366,Cape Canaveral,7060.0,GTO,1,1,True,ASDS
SAOCOM 1A,2018-10-08T02:22:00.000Z,2018,10,69,Falcon 9,VAFB SLC 4E,34.632093,-120.610829,Vandenberg Space Force Base,2800.0,SSO,1,1,True,RTLS
Es’hail 2,2018-11-15T20:46:00.000Z,2018,11,70,Falcon 9,KSC LC 39A,28.6080585,-80.6039558,Cape Canaveral,3000.0,GTO,1,1,True,ASDS
SSO-A,2018-12-03T18:34:00.000Z,2018,12,71,Falcon 9,VAFB SLC 4E,34.632093,-120.610829,Vandenberg Space Force Base,4000.0,SSO,1,1,True,ASDS
CRS-16,2018-12-05T18:16:00.000Z,2018,12,72,Falcon 9,CCSFS SLC 40,28.5618571,-80.577366,Cape Canaveral,2573.0,ISS,1,1,False,RTLS
GPS III SV01,2018-12-23T13:51:00.000Z,2018,12,73,Falcon 9,CCSFS SLC 40,28.5618571,-80.577366,Cape Canaveral,4400.0,MEO,1,1,,
Iridium NEXT Mission 8,2019-01-11T15:31:00.000Z,2019,1,74,Falcon 9,VAFB SLC 4E,34.632093,-120.610829,Vandenberg Space Force Base,9600.0,PO,1,1,True,ASDS
Nusantara Satu (PSN-6) / S5 / Beresheet,2019-02-22T01:45:00.000Z,2019,2,75,Falcon 9,CCSFS SLC 40,28.5618571,-80.577366,Cape Canaveral,5645.0,GTO,3,3,True,ASDS
CCtCap Demo Mission 1,2019-03-02T07:45:00.000Z,2019,3,76,Falcon 9,KSC LC 39A,28.6080585,-80.6039558,Cape Canaveral,12259.0,ISS,1,1,True,ASDS
ArabSat 6A,2019-04-11T22:35:00.000Z,2019,4,77,Falcon Heavy,KSC LC 39A,28.6080585,-80.6039558,Cape Canaveral,6000.0,GTO,1,1,True,ASDS
CRS-17,2019-05-04T06:48:00.000Z,2019,5,78,Falcon 9,CCSFS SLC 40,28.5618571,-80.577366,Cape Canaveral,2482.0,ISS,1,1,True,ASDS
Starlink v0.9,2019-05-24T02:30:00.000Z,2019,5,79,Falcon 9,CCSFS SLC 40,28.5618571,-80.577366,Cape Canaveral,13200.0,VLEO,1,1,True,ASDS
RADARSAT Constellation,2019-06-12T14:17:00.000Z,2019,6,80,Falcon 9,VAFB SLC 4E,34.632093,-120.610829,Vandenberg Space Force Base,1425.0,SSO,1,1,True,RTLS
STP-2,2019-06-25T03:30:00.000Z,2019,6,81,Falcon Heavy,KSC LC 39A,28.6080585,-80.6039558,Cape Canaveral,2838.0,MEO,16,16,False,ASDS
CRS-18,2019-07-25T22:01:00.000Z,2019,7,82,Falcon 9,CCSFS SLC 40,28.5618571,-80.577366,Cape Canaveral,2227.7,ISS,1,1,True,RTLS
Amos-17,2019-08-06T22:52:00.000Z,2019,8,83,Falcon 9,CCSFS SLC 40,28.5618571,-80.577366,Cape Canaveral,6500.0,GTO,1,1,,
Starlink-1,2019-11-11T14:56:00.000Z,2019,11,84,Falcon 9,CCSFS SLC 40,28.5618571,-80.577366,Cape Canaveral,15600.0,VLEO,1,1,True,ASDS
CRS-19,2019-12-05T17:29:23.000Z,2019,12,85,Falcon 9,CCSFS SLC 40,28.5618571,-80.577366,Cape Canaveral,5000.0,ISS,1,1,True,ASDS
JCSat 18 / Kacific 1,2019-12-17T00:10:00.000Z,2019,12,86,Falcon 9,CCSFS SLC 40,28.5618571,-80.577366,Cape Canaveral,6800.0,GTO,2,1,True,ASDS
Starlink-2,2020-01-07T02:19:00.000Z,2020,1,87,Falcon 9,CCSFS SLC 40,28.5618571,-80.577366,Cape Canaveral,15600.0,VLEO,1,1,True,ASDS
Crew Dragon In Flight Abort Test,2020-01-19T14:00:00.000Z,2020,1,88,Falcon 9,KSC LC 39A,28.6080585,-80.6039558,Cape Canaveral,,SO,1,1,,
Starlink-3,2020-01-29T14:06:00.000Z,2020,1,89,Falcon 9,CCSFS SLC 40,28.5618571,-80.577366,Cape Canaveral,15600.0,VLEO,1,1,True,ASDS
Starlink-4,2020-02-17T15:05:55.000Z,2020,2,90,Falcon 9,CCSFS SLC 40,28.5618571,-80.577366,Cape Canaveral,15600.0,VLEO,1,1,False,ASDS
CRS-20,2020-03-07T04:50:31.000Z,2020,3,91,Falcon 9,CCSFS SLC 40,28.5618571,-80.577366,Cape Canaveral,1977.0,ISS,1,1,True,RTLS
Starlink-5,2020-03-18T12:16:00.000Z,2020,3,92,Falcon 9,KSC LC 39A,28.6080585,-80.6039558,Cape Canaveral,15600.0,VLEO,1,1,False,ASDS
Starlink-6,2020-04-22T19:30:00.000Z,2020,4,93,Falcon 9,KSC LC 39A,28.6080585,-80.6039558,Cape Canaveral,15600.0,VLEO,1,1,True,ASDS
CCtCap Demo Mission 2,2020-05-30T19:22:00.000Z,2020,5,94,Falcon 9,KSC LC 39A,28.6080585,-80.6039558,Cape Canaveral,9525.0,ISS,1,1,True,ASDS
Starlink-7,2020-06-04T01:25:00.000Z,2020,6,95,Falcon 9,CCSFS SLC 40,28.5618571,-80.577366,Cape Canaveral,15600.0,VLEO,1,1,True,ASDS
Starlink-8 & SkySat 16-18,2020-06-13T09:21:00.000Z,2020,6,96,Falcon 9,CCSFS SLC 40,28.5618571,-80.577366,Cape Canaveral,15600.0,VLEO,1,1,True,ASDS
GPS III SV03 (Columbus),2020-06-30T19:55:00.000Z,2020,6,97,Falcon 9,CCSFS SLC 40,28.5618571,-80.577366,Cape Canaveral,3880.0,MEO,1,1,True,ASDS
ANASIS-II,2020-07-20T21:30:00.000Z,2020,7,98,Falcon 9,CCSFS SLC 40,28.5618571,-80.577366,Cape Canaveral,,GEO,1,1,True,ASDS
Starlink-9 (v1.0) & BlackSky Global 5-6,2020-08-07T05:12:00.000Z,2020,8,99,Falcon 9,KSC LC 39A,28.6080585,-80.6039558,Cape Canaveral,15712.0,VLEO,2,2,True,ASDS
Starlink-10 (v1.0) & SkySat 19-21,2020-08-18T14:31:00.000Z,2020,8,100,Falcon 9,CCSFS SLC 40,28.5618571,-80.577366,Cape Canaveral,15600.0,VLEO,1,1,True,ASDS
"SAOCOM 1B, GNOMES-1, Tyvak-0172",2020-08-30T23:18:00.000Z,2020,8,101,Falcon 9,CCSFS SLC 40,28.5618571,-80.577366,Cape Canaveral,1600.0,SSO,1,1,True,RTLS
Starlink-11 (v1.0),2020-09-03T12:46:00.000Z,2020,9,102,Falcon 9,KSC LC 39A,28.6080585,-80.6039558,Cape Canaveral,15600.0,VLEO,1,1,True,ASDS
Starlink-12 (v1.0),2020-10-06T11:29:00.000Z,2020,10,103,Falcon 9,KSC LC 39A,28.6080585,-80.6039558,Cape Canaveral,15600.0,VLEO,1,1,True,ASDS
Starlink-13 (v1.0),2020-10-18T12:25:00.000Z,2020,10,104,Falcon 9,KSC LC 39A,28.6080585,-80.6039558,Cape Canaveral,15600.0,VLEO,1,1,True,ASDS
Starlink-14 (v1.0),2020-10-24T15:31:00.000Z,2020,10,105,Falcon 9,CCSFS SLC 40,28.5618571,-80.577366,Cape Canaveral,15600.0,VLEO,1,1,True,ASDS
GPS III SV04 (Sacagawea),2020-11-05T23:24:00.000Z,2020,11,106,Falcon 9,CCSFS SLC 40,28.5618571,-80.577366,Cape Canaveral,3681.0,MEO,1,1,True,ASDS
Crew-1,2020-11-16T00:27:00.000Z,2020,11,107,Falcon 9,KSC LC 39A,28.6080585,-80.6039558,Cape Canaveral,,ISS,1,1,True,ASDS
Sentinel-6 Michael Freilich,2020-11-21T17:17:00.000Z,2020,11,108,Falcon 9,VAFB SLC 4E,34.632093,-120.610829,Vandenberg Space Force Base,1440.0,PO,1,1,True,RTLS
Starlink-15 (v1.0),2020-11-25T02:13:00.000Z,2020,11,109,Falcon 9,CCSFS SLC 40,28.5618571,-80.577366,Cape Canaveral,15600.0,VLEO,1,1,True,ASDS
CRS-21,2020-12-06T16:17:00.000Z,2020,12,110,Falcon 9,KSC LC 39A,28.6080585,-80.6039558,Cape Canaveral,2972.0,ISS,1,1,True,ASDS
SXM-7,2020-12-13T17:30:00.000Z,2020,12,111,Falcon 9,CCSFS SLC 40,28.5618571,-80.577366,Cape Canaveral,7000.0,GTO,1,1,True,ASDS
NROL-108,2020-12-19T14:00:00.000Z,2020,12,112,Falcon 9,KSC LC 39A,28.6080585,-80.6039558,Cape Canaveral,,,1,1,True,RTLS
Turksat 5A,2021-01-08T02:15:00.000Z,2021,1,113,Falcon 9,CCSFS SLC 40,28.5618571,-80.577366,Cape Canaveral,3500.0,GTO,1,1,True,ASDS
Starlink-16 (v1.0),2021-01-20T13:02:00.000Z,2021,1,114,Falcon 9,KSC LC 39A,28.6080585,-80.6039558,Cape Canaveral,15600.0,VLEO,1,1,True,ASDS
Transporter-1,2021-01-24T15:00:00.000Z,2021,1,115,Falcon 9,CCSFS SLC 40,28.5618571,-80.577366,Cape Canaveral,,SSO,0,1,True,ASDS
Starlink-18 (v1.0),2021-02-04T06:19:00.000Z,2021,2,116,Falcon 9,CCSFS SLC 40,28.5618571,-80.577366,Cape Canaveral,15600.0,VLEO,1,1,True,ASDS
Starlink-19 (v1.0),2021-02-16T03:59:00.000Z,2021,2,117,Falcon 9,CCSFS SLC 40,28.5618571,-80.577366,Cape Canaveral,15600.0,VLEO,1,1,False,ASDS
Starlink-17 (v1.0),2021-03-04T08:24:00.000Z,2021,3,118,Falcon 9,KSC LC 39A,28.6080585,-80.6039558,Cape Canaveral,15600.0,VLEO,1,1,True,ASDS
Starlink-20 (v1.0),2021-03-11T08:13:00.000Z,2021,3,119,Falcon 9,CCSFS SLC 40,28.5618571,-80.577366,Cape Canaveral,15600.0,VLEO,1,1,True,ASDS
Starlink-21 (v1.0),2021-03-14T10:01:00.000Z,2021,3,120,Falcon 9,KSC LC 39A,28.6080585,-80.6039558,Cape Canaveral,15600.0,VLEO,1,1,True,ASDS
Starlink-22 (v1.0),2021-03-24T08:28:00.000Z,2021,3,121,Falcon 9,CCSFS SLC 40,28.5618571,-80.577366,Cape Canaveral,15600.0,VLEO,1,1,True,ASDS
Starlink-23 (v1.0),2021-04-07T16:34:00.000Z,2021,4,122,Falcon 9,CCSFS SLC 40,28.5618571,-80.577366,Cape Canaveral,15600.0,VLEO,1,1,True,ASDS
Crew-2,2021-04-23T09:49:00.000Z,2021,4,123,Falcon 9,KSC LC 39A,28.6080585,-80.6039558,Cape Canaveral,,ISS,1,1,True,ASDS
Starlink-24 (v1.0),2021-04-29T03:44:00.000Z,2021,4,124,Falcon 9,CCSFS SLC 40,28.5618571,-80.577366,Cape Canaveral,15600.0,VLEO,1,1,True,ASDS
Starlink-25 (v1.0),2021-05-04T19:01:00.000Z,2021,5,125,Falcon 9,KSC LC 39A,28.6080585,-80.6039558,Cape Canaveral,15600.0,VLEO,1,1,True,ASDS
Starlink-27 (v1.0),2021-05-09T06:42:00.000Z,2021,5,126,Falcon 9,CCSFS SLC 40,28.5618571,-80.577366,Cape Canaveral,15600.0,VLEO,1,1,True,ASDS
Starlink-26 (v1.0) + Capella-6 + Tyvak-0130,2021-05-15T22:54:00.000Z,2021,5,127,Falcon 9,KSC LC 39A,28.6080585,-80.6039558,Cape Canaveral,13632.0,VLEO,4,3,True,ASDS
Starlink-28 (v1.0),2021-05-26T18:59:00.000Z,2021,5,128,Falcon 9,CCSFS SLC 40,28.5618571,-80.577366,Cape Canaveral,15600.0,VLEO,1,1,True,ASDS
CRS-22 & IROSA,2021-06-03T17:29:00.000Z,2021,6,129,Falcon 9,KSC LC 39A,28.6080585,-80.6039558,Cape Canaveral,3328.0,ISS,1,1,True,ASDS
SXM-8,2021-06-06T04:26:00.000Z,2021,6,130,Falcon 9,CCSFS SLC 40,28.5618571,-80.577366,Cape Canaveral,7000.0,GTO,1,1,True,ASDS
GPS III SV05,2021-06-17T16:09:00.000Z,2021,6,131,Falcon 9,CCSFS SLC 40,28.5618571,-80.577366,Cape Canaveral,3681.0,MEO,1,1,True,ASDS
Transporter-2,2021-06-30T19:31:00.000Z,2021,6,132,Falcon 9,CCSFS SLC 40,28.5618571,-80.577366,Cape Canaveral,,SSO,0,1,True,RTLS
CRS-23,2021-08-29T07:14:00.000Z,2021,8,133,Falcon 9,KSC LC 39A,28.6080585,-80.6039558,Cape Canaveral,,ISS,1,1,True,ASDS
Starlink 2-1 (v1.5),2021-09-14T03:55:00.000Z,2021,9,134,Falcon 9,VAFB SLC 4E,34.632093,-120.610829,Vandenberg Space Force Base,15600.0,PO,1,1,True,ASDS
Inspiration4,2021-09-16T00:02:00.000Z,2021,9,135,Falcon 9,KSC LC 39A,28.6080585,-80.6039558,Cape Canaveral,,LEO,1,1,True,ASDS
Crew-3,2021-11-11T02:03:00.000Z,2021,11,136,Falcon 9,KSC LC 39A,28.6080585,-80.6039558,Cape Canaveral,12519.0,ISS,1,1,True,ASDS
Starlink 4-1 (v1.5),2021-11-13T12:40:00.000Z,2021,11,137,Falcon 9,CCSFS SLC 40,28.5618571,-80.577366,Cape Canaveral,13260.0,LEO,1,1,True,ASDS
DART,2021-11-24T06:20:00.000Z,2021,11,138,Falcon 9,VAFB SLC 4E,34.632093,-120.610829,Vandenberg Space Force Base,670.0,TLI,1,1,True,ASDS
Starlink 4-3 (v1.5),2021-12-01T23:20:00.000Z,2021,12,139,Falcon 9,CCSFS SLC 40,28.5618571,-80.577366,Cape Canaveral,13260.0,PO,1,1,True,ASDS
IXPE,2021-12-09T06:00:00.000Z,2021,12,140,Falcon 9,KSC LC 39A,28.6080585,-80.6039558,Cape Canaveral,330.0,LEO,2,1,True,ASDS
Starlink 4-4 (v1.5),2021-12-18T12:41:40.000Z,2021,12,141,Falcon 9,VAFB SLC 4E,34.632093,-120.610829,Vandenberg Space Force Base,13260.0,PO,1,1,True,ASDS
Türksat 5B,2021-12-19T03:58:00.000Z,2021,12,142,Falcon 9,CCSFS SLC 40,28.5618571,-80.577366,Cape Canaveral,3500.0,GTO,1,1,True,ASDS
CRS-24,2021-12-21T10:06:00.000Z,2021,12,143,Falcon 9,KSC LC 39A,28.6080585,-80.6039558,Cape Canaveral,,ISS,1,1,True,ASDS
Starlink 4-5 (v1.5),2022-01-06T21:49:00.000Z,2022,1,144,Falcon 9,KSC LC 39A,28.6080585,-80.6039558,Cape Canaveral,13260.0,VLEO,1,1,True,ASDS
Transporter-3,2022-01-13T15:25:00.000Z,2022,1,145,Falcon 9,CCSFS SLC 40,28.5618571,-80.577366,Cape Canaveral,,LEO,2,1,True,RTLS
Starlink 4-6 (v1.5),2022-01-19T00:04:00.000Z,2022,1,146,Falcon 9,KSC LC 39A,28.6080585,-80.6039558,Cape Canaveral,13260.0,VLEO,1,1,True,ASDS
CSG-2,2022-01-31T23:11:12.000Z,2022,1,147,Falcon 9,CCSFS SLC 40,28.5618571,-80.577366,Cape Canaveral,2240.0,SSO,1,1,True,RTLS
NROL-87,2022-02-02T20:18:00.000Z,2022,2,148,Falcon 9,VAFB SLC 4E,34.632093,-120.610829,Vandenberg Space Force Base,,LEO,2,1,True,RTLS
Starlink 4-7 (v1.5),2022-02-03T18:13:00.000Z,2022,2,149,Falcon 9,KSC LC 39A,28.6080585,-80.6039558,Cape Canaveral,13260.0,VLEO,1,1,True,ASDS
Starlink 4-8 (v1.5),2022-02-21T14:44:00.000Z,2022,2,150,Falcon 9,CCSFS SLC 40,28.5618571,-80.577366,Cape Canaveral,13260.0,VLEO,1,1,True,ASDS
Starlink 4-11 (v1.5),2022-02-25T17:12:00.000Z,2022,2,151,Falcon 9,VAFB SLC 4E,34.632093,-120.610829,Vandenberg Space Force Base,13260.0,VLEO,1,1,True,ASDS
Starlink 4-9 (v1.5),2022-03-03T14:35:00.000Z,2022,3,152,Falcon 9,KSC LC 39A,28.6080585,-80.6039558,Cape Canaveral,13260.0,VLEO,1,1,True,ASDS
Starlink 4-10 (v1.5),2022-03-09T13:45:00.000Z,2022,3,153,Falcon 9,CCSFS SLC 40,28.5618571,-80.577366,Cape Canaveral,13260.0,VLEO,1,1,True,ASDS
Starlink 4-12 (v1.5),2022-03-19T03:24:00.000Z,2022,3,154,Falcon 9,CCSFS SLC 40,28.5618571,-80.577366,Cape Canaveral,13260.0,VLEO,1,1,True,ASDS
Transporter-4,2022-04-01T16:24:00.000Z,2022,4,155,Falcon 9,CCSFS SLC 40,28.5618571,-80.577366,Cape Canaveral,,SSO,0,1,True,ASDS
Ax-1,2022-04-08T15:17:00.000Z,2022,4,156,Falcon 9,KSC LC 39A,28.6080585,-80.6039558,Cape Canaveral,,ISS,1,1,True,ASDS
NROL-85,2022-04-17T13:13:00.000Z,2022,4,157,Falcon 9,VAFB SLC 4E,34.632093,-120.610829,Vandenberg Space Force Base,,LEO,2,1,True,RTLS
Starlink 4-14 (v1.5),2022-04-21T15:16:00.000Z,2022,4,158,Falcon 9,CCSFS SLC 40,28.5618571,-80.577366,Cape Canaveral,13260.0,VLEO,1,1,True,ASDS
Crew-4,2022-04-27T07:52:00.000Z,2022,4,159,Falcon 9,KSC LC 39A,28.6080585,-80.6039558,Cape Canaveral,,ISS,1,1,True,ASDS
Starlink 4-16 (v1.5),2022-04-29T21:27:00.000Z,2022,4,160,Falcon 9,CCSFS SLC 40,28.5618571,-80.577366,Cape Canaveral,13260.0,VLEO,1,1,True,ASDS
Starlink 4-17 (v1.5),2022-05-06T09:42:00.000Z,2022,5,161,Falcon 9,KSC LC 39A,28.6080585,-80.6039558,Cape Canaveral,13260.0,VLEO,1,1,True,ASDS
Starlink 4-13 (v1.5),2022-05-13T22:07:00.000Z,2022,5,162,Falcon 9,VAFB SLC 4E,34.632093,-120.610829,Vandenberg Space Force Base,13260.0,VLEO,1,1,True,ASDS
Starlink 4-15 (v1.5),2022-05-14T20:40:00.000Z,2022,5,163,Falcon 9,CCSFS SLC 40,28.5618571,-80.577366,Cape Canaveral,13260.0,VLEO,1,1,True,ASDS
Starlink 4-18 (v1.5),2022-05-18T10:40:00.000Z,2022,5,164,Falcon 9,KSC LC 39A,28.6080585,-80.6039558,Cape Canaveral,13260.0,VLEO,1,1,True,ASDS
Transporter-5,2022-05-25T18:27:00.000Z,2022,5,165,Falcon 9,CCSFS SLC 40,28.5618571,-80.577366,Cape Canaveral,,SSO,0,1,True,RTLS
Nilesat-301,2022-06-08T21:04:00.000Z,2022,6,166,Falcon 9,CCSFS SLC 40,28.5618571,-80.577366,Cape Canaveral,3938.0,GEO,1,1,True,ASDS
Starlink 4-19 (v1.5),2022-06-01T17:08:50.000Z,2022,6,167,Falcon 9,KSC LC 39A,28.6080585,-80.6039558,Cape Canaveral,13260.0,VLEO,1,1,True,ASDS
SARah 1,2022-06-18T14:19:00.000Z,2022,6,168,Falcon 9,VAFB SLC 4E,34.632093,-120.610829,Vandenberg Space Force Base,2200.0,SSO,3,1,True,RTLS
Globalstar FM15,2022-06-19T04:27:00.000Z,2022,6,169,Falcon 9,CCSFS SLC 40,28.5618571,-80.577366,Cape Canaveral,700.0,LEO,1,1,True,ASDS
SES-22,2022-06-29T21:04:00.000Z,2022,6,170,Falcon 9,CCSFS SLC 40,28.5618571,-80.577366,Cape Canaveral,3500.0,MEO,1,1,True,ASDS
Starlink 4-21 (v1.5),2022-07-07T13:11:00.000Z,2022,7,171,Falcon 9,CCSFS SLC 40,28.5618571,-80.577366,Cape Canaveral,13260.0,VLEO,1,1,True,ASDS
Starlink 3-1 (v1.5),2022-07-11T01:39:00.000Z,2022,7,172,Falcon 9,VAFB SLC 4E,34.632093,-120.610829,Vandenberg Space Force Base,13260.0,VLEO,1,1,True,ASDS
CRS-25,2022-07-15T00:44:00.000Z,2022,7,173,Falcon 9,KSC LC 39A,28.6080585,-80.6039558,Cape Canaveral,,ISS,1,1,True,ASDS
Starlink 4-22 (v1.5),2022-07-17T14:50:00.000Z,2022,7,174,Falcon 9,CCSFS SLC 40,28.5618571,-80.577366,Cape Canaveral,13260.0,VLEO,1,1,True,ASDS
Starlink 3-2 (v1.5),2022-07-21T17:13:00.000Z,2022,7,175,Falcon 9,VAFB SLC 4E,34.632093,-120.610829,Vandenberg Space Force Base,13260.0,VLEO,1,1,True,ASDS
Starlink 4-25 (v1.5),2022-07-24T00:00:00.000Z,2022,7,176,Falcon 9,CCSFS SLC 40,28.5618571,-80.577366,Cape Canaveral,13260.0,VLEO,1,1,True,ASDS
KPLO,2022-08-04T23:08:00.000Z,2022,8,177,Falcon 9,CCSFS SLC 40,28.5618571,-80.577366,Cape Canaveral,678.0,TLI,1,1,True,ASDS
Starlink 4-26 (v1.5),2022-08-09T22:57:00.000Z,2022,8,178,Falcon 9,KSC LC 39A,28.6080585,-80.6039558,Cape Canaveral,13260.0,VLEO,1,1,True,ASDS
Starlink 3-3 (v1.5),2022-08-12T21:30:00.000Z,2022,8,179,Falcon 9,VAFB SLC 4E,34.632093,-120.610829,Vandenberg Space Force Base,13260.0,VLEO,1,1,True,ASDS
Starlink 4-27 (v1.5),2022-08-19T19:24:00.000Z,2022,8,180,Falcon 9,CCSFS SLC 40,28.5618571,-80.577366,Cape Canaveral,13260.0,VLEO,1,1,True,ASDS
Starlink 4-23 (v1.5),2022-08-28T02:22:00.000Z,2022,8,181,Falcon 9,KSC LC 39A,28.6080585,-80.6039558,Cape Canaveral,13260.0,VLEO,1,1,True,ASDS
Starlink 3-4 (v1.5),2022-08-31T05:40:00.000Z,2022,8,182,Falcon 9,VAFB SLC 4E,34.632093,-120.610829,Vandenberg Space Force Base,13260.0,VLEO,1,1,True,ASDS
Starlink 4-20 (v1.5) & Sherpa LTC-2/Varuna-TDM,2022-09-05T02:09:00.000Z,2022,9,183,Falcon 9,CCSFS SLC 40,28.5618571,-80.577366,Cape Canaveral,13440.0,VLEO,2,2,True,ASDS
Starlink 4-2 (v1.5) & Blue Walker 3,2022-09-11T01:10:00.000Z,2022,9,184,Falcon 9,KSC LC 39A,28.6080585,-80.6039558,Cape Canaveral,14760.0,VLEO,2,2,True,ASDS
Starlink 4-34 (v1.5),2022-09-17T01:05:00.000Z,2022,9,185,Falcon 9,CCSFS SLC 40,28.5618571,-80.577366,Cape Canaveral,13260.0,VLEO,1,1,True,ASDS
Starlink 4-35 (v1.5),2022-09-24T23:30:00.000Z,2022,9,186,Falcon 9,CCSFS SLC 40,28.5618571,-80.577366,Cape Canaveral,13260.0,VLEO,1,1,True,ASDS
Crew-5,2022-10-05T16:00:00.000Z,2022,10,187,Falcon 9,KSC LC 39A,28.6080585,-80.6039558,Cape Canaveral,,ISS,1,1,True,ASDS
USSF-44,2022-11-01T13:41:00.000Z,2022,11,188,Falcon Heavy,KSC LC 39A,28.6080585,-80.6039558,Cape Canaveral,3700.0,GTO,1,1,,
Starlink 4-36 (v1.5),2022-10-20T14:50:00.000Z,2022,10,188,Falcon 9,CCSFS SLC 40,28.5618571,-80.577366,Cape Canaveral,13260.0,VLEO,1,1,,
Galaxy 33 (15R) & 34 (12R),2022-10-08T23:05:00.000Z,2022,10,188,Falcon 9,CCSFS SLC 40,28.5618571,-80.577366,Cape Canaveral,,,0,0,,
Hotbird 13F,2022-10-15T05:22:00.000Z,2022,10,188,Falcon 9,CCSFS SLC 40,28.5618571,-80.577366,Cape Canaveral,,,0,0,,
Hotbird 13G,2022-11-03T03:24:00.000Z,2022,11,189,Falcon 9,CCSFS SLC 40,28.5618571,-80.577366,Cape Canaveral,,,0,0,,
Galaxy 31 (23R) & 32 (17R),2022-11-08T00:00:00.000Z,2022,11,191,Falcon 9,CCSFS SLC 40,28.5618571,-80.577366,Cape Canaveral,,,0,0,,
Eutelsat 10B,2022-11-15T00:00:00.000Z,2022,11,192,Falcon 9,CCSFS SLC 40,28.5618571,-80.577366,Cape Canaveral,,,0,0,,
ispace Mission 1 & Rashid,2022-11-22T00:00:00.000Z,2022,11,193,Falcon 9,CCSFS SLC 40,28.5618571,-80.577366,Cape Canaveral,,,0,0,,
CRS-26,2022-11-18T22:00:00.000Z,2022,11,194,Falcon 9,KSC LC 39A,28.6080585,-80.6039558,Cape Canaveral,,,0,0,,
Starlink 4-37 (v1.5),2022-11-01T00:00:00.000Z,2022,11,195,Falcon 9,CCSFS SLC 40,28.5618571,-80.577366,Cape Canaveral,,,0,0,,
"O3b mPower 1,2",2022-11-01T00:00:00.000Z,2022,11,196,Falcon 9,CCSFS SLC 40,28.5618571,-80.577366,Cape Canaveral,5100.0,MEO,1,1,,
SWOT,2022-12-05T00:00:00.000Z,2022,12,197,Falcon 9,VAFB SLC 4E,34.632093,-120.610829,Vandenberg Space Force Base,,,0,0,,
SES-18 & SES-19,2022-11-01T00:00:00.000Z,2022,11,198,Falcon 9,CCSFS SLC 40,28.5618571,-80.577366,Cape Canaveral,,,0,0,,
Transporter-6,2022-12-01T00:00:00.000Z,2022,12,198,Falcon 9,CCSFS SLC 40,28.5618571,-80.577366,Cape Canaveral,,,0,0,,
TTL-1,2022-12-01T00:00:00.000Z,2022,12,199,Falcon 9,VAFB SLC 4E,34.632093,-120.610829,Vandenberg Space Force Base,,PO,1,1,,
WorldView Legion 1 & 2,2022-12-01T00:00:00.000Z,2022,12,200,Falcon 9,CCSFS SLC 40,28.5618571,-80.577366,Cape Canaveral,,SSO,1,1,,
Viasat-3 & Arcturus,2022-12-01T00:00:00.000Z,2022,12,202,Falcon Heavy,KSC LC 39A,28.6080585,-80.6039558,Cape Canaveral,,,0,0,,
O3b mPower 3.4,2022-12-01T00:00:00.000Z,2022,12,203,Falcon 9,CCSFS SLC 40,28.5618571,-80.577366,Cape Canaveral,5100.0,MEO,1,1,,
