product_category,transactions,qty,revenue,profit,profit_margin
Bakery,22796,23214,82315.64,32292.384,0.3922994949683924
Branded,747,776,13607.0,6923.6,0.5088263393841406
Coffee,58416,89250,269952.45,131657.0925,0.48770475133676316
Coffee beans,1753,1828,40085.25,24740.6625,0.6172011525436413
Drinking Chocolate,11468,17457,72416.0,31227.8,0.4312279054352629
Flavours,6790,10511,8408.800000000001,-467.65999999999997,-0.05561554561887545
Loose Tea,1210,1210,11213.599999999999,6381.34,0.5690714846258116
Packaged Chocolate,487,487,4407.64,1618.1879999999999,0.3671325244348449
Tea,45449,69737,196405.95,93577.11750000001,0.4764474676047238
