product_detail,transactions,qty,avg_price,revenue,cogs,profit,profit_margin
Almond Croissant,1903,1911,3.7509879138202837,7168.13,2867.252,2873.628,0.40088949279658714
Brazilian - Organic,209,214,18.0,3852.0,1348.2,2347.0499999999997,0.6093068535825544
Brazilian Lg,2771,4317,3.5,15109.5,5288.325,7742.925000000001,0.5124540851781992
Brazilian Rg,2904,4385,3.0,13155.0,4604.249999999999,6372.750000000001,0.48443557582668195
Brazilian Sm,2814,4310,2.2,9482.0,3318.7000000000003,4052.8000000000006,0.42742037544821776
Cappuccino,2793,4266,3.75,15997.5,5599.125,8303.625,0.5190576652601969
Cappuccino Lg,2772,4151,4.25,17641.75,6174.612499999999,9388.1375,0.5321545481599048
Carmel syrup,1725,2576,0.8,2060.8,927.3600000000001,-160.31,-0.07779017857142856
Chili Mayan,148,148,13.33,1972.84,1085.0620000000001,776.7779999999999,0.3937359339834958
Chocolate Chip Biscotti,1891,1924,3.5079111581173983,6748.96,2699.5840000000003,2631.1259999999993,0.38985651122543313
Chocolate Croissant,3076,3096,3.7551950585175553,11625.98,4650.392,4668.588,0.40156511537091927
Chocolate syrup,1733,2658,0.8,2126.4,956.8800000000001,-130.23,-0.061244356659142206
Civet Cat,190,260,45.0,11700.0,4094.9999999999995,7462.5,0.6378205128205128
Columbian Medium Roast,148,148,15.0,2220.0,777.0,1332.0,0.6
Columbian Medium Roast Lg,2731,4195,3.0,12585.0,4404.749999999999,6132.000000000001,0.4872467222884387
Columbian Medium Roast Rg,3013,4547,2.5,11367.5,3978.625,5129.125,0.45120958873982847
Columbian Medium Roast Sm,2728,4178,2.0,8356.0,2924.6,3385.4,0.40514600287218766
Cranberry Scone,2077,2092,3.259359653346172,6818.44,2727.376,2533.314,0.37153865106974615
Croissant,1933,1954,3.511836523538541,6861.88,2744.7520000000004,2667.3779999999992,0.3887240814470669
Dark chocolate,118,118,6.4,755.2,415.36000000000007,251.33999999999997,0.33281249999999996
Dark chocolate Lg,3029,4668,4.5,21006.0,9452.699999999999,9281.550000000001,0.4418523279063125
Dark chocolate Rg,2636,4007,3.5,14024.5,6311.025,5736.475,0.4090324075724625
Earl Grey,142,142,8.95,1270.8999999999999,444.81499999999994,719.585,0.5662011173184358
Earl Grey Lg,2702,4245,3.0,12735.0,4457.249999999999,6251.250000000001,0.49087161366313314
Earl Grey Rg,3053,4708,2.5,11770.0,4119.5,5360.75,0.4554587935429057
English Breakfast,161,161,8.95,1440.9499999999998,504.3324999999999,815.8675,0.5662011173184358
English Breakfast Lg,2852,4309,3.0,12927.0,4524.449999999999,6263.550000000001,0.48453237410071953
English Breakfast Rg,2743,4200,2.5,10500.0,3675.0,4767.75,0.45407142857142857
Espresso Roast,169,169,14.75,2492.75,872.4625,1493.5375000000001,0.5991525423728814
Espresso shot,2730,4165,3.0,12495.0,4373.249999999999,6074.250000000001,0.48613445378151265
Ethiopia,218,218,21.0,4578.0,1602.3,2812.2000000000003,0.6142857142857143
Ethiopia Lg,2741,4227,3.5,14794.5,5178.075,7560.675000000001,0.5110463347865761
Ethiopia Rg,2866,4393,3.0,13179.0,4612.65,6416.85,0.4868996130207148
Ethiopia Sm,2833,4433,2.2,9752.6,3413.41,4214.4400000000005,0.43213502040481516
Ginger Biscotti,1811,1836,3.505831032578686,6436.56,2574.6240000000003,2503.6859999999992,0.3889788955591184
Ginger Scone,2324,2540,3.183997418244406,8011.61,3204.6440000000002,3063.966,0.3824407328863986
Guatemalan Sustainably Grown,134,134,10.0,1340.0,469.0,770.5,0.575
Hazelnut Biscotti,2009,2028,3.258466898954704,6608.01,2643.204,2458.056,0.37198127726804286
Hazelnut syrup,1521,2372,0.7999999999999999,1897.6000000000001,853.9200000000001,-97.07,-0.05115408937605396
I Need My Bean! Diner mug,222,240,12.247747747747749,2935.0,1320.75,1447.75,0.4932708688245315
I Need My Bean! Latte cup,304,315,14.325657894736842,4509.0,2029.05,2251.9500000000003,0.4994344644045243
I Need My Bean! T-shirt,221,221,27.8868778280543,6163.0,2773.35,3223.9,0.5231056303748175
Jamacian Coffee River,146,146,19.75,2883.5,1009.2249999999999,1764.775,0.6120253164556962
Jamaican Coffee River Lg,2911,4395,3.75,16481.25,5768.4375,8529.5625,0.5175312855517634
Jamaican Coffee River Rg,2594,4018,3.1,12455.800000000001,4359.53,6150.77,0.4938077040414907
Jamaican Coffee River Sm,2630,4018,2.45,9844.1,3445.4350000000004,4426.165000000001,0.44962617202182026
Jumbo Savory Scone,2008,2028,3.7607669322709163,7626.62,3050.648,3069.972,0.4025337567624977
Latte,2990,4602,3.75,17257.5,6040.125,8974.875,0.5200564971751412
Latte Rg,2896,4497,4.25,19112.25,6689.287499999999,10250.962500000001,0.536355609622101
Lemon Grass,152,152,8.95,1360.3999999999999,476.13999999999993,770.26,0.5662011173184358
Lemon Grass Lg,2647,4089,3.0,12267.0,4293.449999999999,5988.300000000001,0.48816336512594777
Lemon Grass Rg,2792,4325,2.5,10812.5,3784.375,4934.125,0.45633526011560693
Morning Sunrise Chai,168,168,9.5,1596.0,558.5999999999999,911.4000000000001,0.5710526315789475
Morning Sunrise Chai Lg,2830,4346,4.0,17384.0,6084.4,9177.1,0.5279049700874368
Morning Sunrise Chai Rg,3026,4643,2.5,11607.5,4062.625,5275.375,0.45447986215808744
Oatmeal Scone,1812,1820,3.0,5460.0,2184.0000000000005,1916.9999999999998,0.3510989010989011
Organic Decaf Blend,206,206,22.609223300970875,4657.5,1630.1249999999998,2872.875,0.6168276972624799
Our Old Time Diner Blend,183,183,18.0,3294.0,1152.8999999999999,2003.85,0.6083333333333333
Our Old Time Diner Blend Lg,2664,3997,3.0,11991.0,4196.849999999999,5796.150000000001,0.48337503127345516
Our Old Time Diner Blend Rg,2894,4410,2.5,11025.0,3858.75,4995.75,0.45312925170068025
Our Old Time Diner Blend Sm,2919,4484,2.0,8968.0,3138.7999999999997,3639.9500000000003,0.40588202497769854
Ouro Brasileiro shot,2222,3262,2.696219621962196,8902.2,3115.7699999999995,4119.93,0.46279908337264947
Peppermint,153,153,8.95,1369.35,479.2724999999999,775.3275,0.5662011173184358
Peppermint Lg,2857,4350,3.0,13050.0,4567.499999999999,6339.750000000001,0.4858045977011495
Peppermint Rg,2949,4564,2.5,11410.0,3993.5,5204.75,0.45615687992988607
Primo Espresso Roast,150,150,20.45,3067.5,1073.6249999999998,1881.375,0.6133251833740831
Scottish Cream Scone ,1952,1985,4.5086834016393444,8949.45,3579.78,3905.6700000000005,0.43641452826710025
Serenity Green Tea,159,159,9.25,1470.75,514.7624999999999,836.7375000000001,0.568918918918919
Serenity Green Tea Lg,2750,4220,3.0,12660.0,4430.999999999999,6166.500000000001,0.4870853080568721
Serenity Green Tea Rg,2921,4477,2.5,11192.5,3917.375,5084.375,0.45426624972079516
Spicy Eye Opener Chai,122,122,10.95,1335.8999999999999,467.56499999999994,776.8349999999999,0.5815068493150685
Spicy Eye Opener Chai Lg,2951,4404,3.1,13652.4,4778.34,6660.81,0.48788564647973987
Spicy Eye Opener Chai Rg,2705,4171,2.55,10636.05,3722.6174999999994,4884.6825,0.45925719604552445
Sugar Free Vanilla syrup,1811,2905,0.8000000000000002,2324.0,1045.8000000000002,-80.05,-0.03444492254733218
Sustainably Grown Organic,221,221,7.6,1679.6,923.78,590.0699999999999,0.3513157894736842
Sustainably Grown Organic Lg,2961,4453,4.75,21151.75,9518.2875,9412.7125,0.4450086872244613
Sustainably Grown Organic Rg,2842,4329,3.75,16233.75,7305.1875,6797.0625,0.4186994686994687
Traditional Blend Chai,153,153,8.95,1369.35,479.2724999999999,775.3275,0.5662011173184358
Traditional Blend Chai Lg,2716,4174,3.0,12522.0,4382.699999999999,6102.300000000001,0.4873263057019646
Traditional Blend Chai Rg,2955,4512,2.5,11280.0,3948.0,5115.75,0.45352393617021275
